[{"username":"radin1","password":"72de0dc13fd09dee6208ba3a832e10a633416d446bcbd81e0e53b9b9647def83","gameInfo":{"angles":[2.7650000000000015,4.0216000000000065,5.278200000000011,6.535000000000011,7.791000000000011,2.2707963267948967,1.9207963267948958],"formOfAngles":1,"numberOfMovingCircles":22,"phase":2,"difficulty":2,"score":12,"time":6,"isFinished":true},"imageUrl":"file:/Users/Radin/School/AP/Game/target/classes/Images/Avatar_1.png","easyHighScore":12,"easyTime":8,"mediumHighScore":12,"mediumTime":6,"hardHighScore":0,"hardTime":0},{"username":"radin2","password":"72de0dc13fd09dee6208ba3a832e10a633416d446bcbd81e0e53b9b9647def83","imageUrl":"file:/Users/Radin/School/AP/Game/target/classes/Images/Avatar_1.png","easyHighScore":0,"easyTime":0,"mediumHighScore":0,"mediumTime":0,"hardHighScore":0,"hardTime":0},{"username":"radin3","password":"72de0dc13fd09dee6208ba3a832e10a633416d446bcbd81e0e53b9b9647def83","gameInfo":{"angles":[4.399999999999995,5.656600000000014,6.913200000000036,8.170000000000059,9.426000000000062,4.070796326794889,3.720796326794889,2.6457963267948927,2.520796326794893,2.345796326794894],"formOfAngles":1,"numberOfMovingCircles":13,"phase":2,"difficulty":1,"score":16,"time":6,"isFinished":true},"imageUrl":"file:/Users/Radin/School/AP/Game/target/classes/Images/Avatar_1.png","easyHighScore":16,"easyTime":6,"mediumHighScore":0,"mediumTime":0,"hardHighScore":0,"hardTime":0},{"username":"radin4","password":"72de0dc13fd09dee6208ba3a832e10a633416d446bcbd81e0e53b9b9647def83","imageUrl":"file:/Users/Radin/Media/Photos/1401-08-04%2019.16.13.jpg","easyHighScore":0,"easyTime":0,"mediumHighScore":0,"mediumTime":0,"hardHighScore":0,"hardTime":0}]